Title,Date,Venue,Link
The Music of ENNIO MORRICONE & the Spaghetti West - performed by THE COUNTERFEIT (ft. Freya Josephine Hollick),2025-03-29,Brunswick Ballroom,https://www.moshtix.com.au/v2/event/the-music-of-ennio-morricone-the-spaghetti-west-performed-by-the-counterfeit/174969
KADENCE,2025-03-29,Howler,https://www.moshtix.com.au/v2/event/kadence/178458
House Therapy : Vol 3,2025-03-29,The Toff in Town,https://www.moshtix.com.au/v2/event/house-therapy-vol-3/178369
The Last Dance,2025-03-29,Gasometer Downstairs,https://tickets.oztix.com.au/outlet/event/334da024-7ffd-4f64-9bab-d92479924e21?utm_source=Oztix&utm_medium=Website&utm_content=search&utm_term=Gasometer Downstairs
"Kinah x Urban Analytic Pres: BLACK DANCE MUSIC with C.FRIM, Solomon C, Karani, DB Mercury ***TICKETS AVAILABLE ON THE DOOR***",2025-03-29,Miscellania,https://events.humanitix.com/kinah-x-urban-analytic-pres-black-dance-music?hxchl=hex-pfl
Disco Mediterranea & Proto Exotica present D.D. Mirage (Live),2025-03-29,The Night Cat,https://www.moshtix.com.au/v2/event/disco-mediterranea-proto-exotica-present-d-d-mirage-live/177754
King Stingray,2025-03-29,Forum Melbourne,/shows/show.aspx?sh=STINGRAY25&v=FRM
TELENOVA,2025-03-29,Northcote Theatre,https://www.moshtix.com.au/v2/event/telenova/173310
Last Drinks,2025-03-30,Gasometer Downstairs,https://tickets.oztix.com.au/outlet/event/c9059c3c-baf6-4b08-8e70-10aec9f23160?utm_source=Oztix&utm_medium=Website&utm_content=search&utm_term=Gasometer Downstairs
Domingo Latino - Tumbao Social,2025-03-30,The Night Cat,https://www.moshtix.com.au/v2/event/domingo-latino-tumbao-social/177747
CANCELLED - Samarah on Skin @ The Gaso,2025-03-30,Gasometer (Upstairs),https://tickets.oztix.com.au/outlet/event/abf53911-8900-4e04-8492-b6c6d07809c3?utm_source=Oztix&utm_medium=Website&utm_content=search&utm_term=Gasometer (Upstairs)
MAISON BURLESQUE - CHERRY POPPERS SOLO SHOWCASE,2025-03-30,Howler,https://www.moshtix.com.au/v2/event/maison-burlesque-cherry-poppers-solo-showcase/177460
Luna's Dark Secret (Album Launch),2025-03-30,The Workers Club,https://tickets.oztix.com.au/outlet/event/a1d3f1a3-7862-4102-a4bf-af98510511f7?utm_source=Oztix&utm_medium=Website&utm_content=search&utm_term=The Workers Club
SING A SONG OF SIXPENCE - NOW A FREE SHOW IN THE BRUNSWICK ARTISTS' BAR,2025-03-30,Brunswick Ballroom,https://www.moshtix.com.au/v2/event/sing-a-song-of-sixpence-now-a-free-show-in-the-brunswick-artists-bar/177312
"Foul Play Presents Ménage (Live), Techworld, Billus & Misc Meg",2025-03-30,Miscellania,https://events.humanitix.com/foul-play-presents-menage-live-techworld-billus-and-misc-meg?hxchl=hex-pfl
"DJS ON DECK WITH ALPHA BLONDE, SURANA & BBSANII",2025-03-30,Kindred Bandroom,https://www.moshtix.com.au/v2/event/djs-on-deck-with-alpha-blonde-surana-bbsanii/178741
Melbourne Indie Voices - Music Nerdz Karaoke (matinee),2025-03-30,Corner Hotel,https://tickets.cornerhotel.com/outlet/event/7369c601-534a-42ac-94d0-f18ca48ee930?utm_source=Oztix&utm_medium=Website&utm_content=search&utm_term=Corner Hotel
HOT TUBS BINGO MACHINE,2025-03-31,The Retreat Hotel,https://www.eventbrite.com.au/e/hot-tubs-bingo-machine-tickets-1042650705327?aff=ebdsoporgprofile
Cheeky Business: Presented by Hard Rated,2025-03-31,Max Watt's Melbourne,https://tickets.oztix.com.au/outlet/event/b751a06d-31f0-47e2-a5e4-a1bb08efd580?utm_source=Oztix&utm_medium=Website&utm_content=search&utm_term=Max Watt's Melbourne
"‘Social Sanctuary’ GRID Series Pals with Franjapan, Jag + ELAURA",2025-03-31,Northcote Social Club,https://tickets.northcotesocialclub.com/outlet/event/4371ac30-c874-4ad9-99cd-cce82e82ad8e?utm_source=Oztix&utm_medium=Website&utm_content=search&utm_term=Northcote Social Club
Phil Clive Grainger (UK) + Jamie MacDowell,2025-03-31,Brunswick Ballroom,https://www.moshtix.com.au/v2/event/phil-clive-grainger-uk-jamie-macdowell/178611
NIEUW MONDAYS,2025-03-31,The Workers Club,https://tickets.oztix.com.au/outlet/event/a65b5304-938a-45e0-8173-6ddd6967fe46?utm_source=Oztix&utm_medium=Website&utm_content=search&utm_term=The Workers Club
FILMONIK KINO-KABERET 2025 - Short Films Premiere Screening Party,2025-04-01,Howler,https://www.moshtix.com.au/v2/event/filmonik-kino-kaberet-2025-short-films-premiere-screening-party/178323
THE MOTH StorySLAM: BLOOM,2025-04-02,Howler,https://www.moshtix.com.au/v2/event/the-moth-storyslam-bloom/177192
ALISON FERRIER AND THE UPSHOTS - WEDNESDAYS IN APRIL,2025-04-02,Brunswick Ballroom,https://www.moshtix.com.au/v2/event/alison-ferrier-and-the-upshots-wednesdays-in-april/178103
The Murder Capital (IRL),2025-04-03,Corner Hotel,https://tickets.cornerhotel.com/outlet/event/580feee3-b1b4-470d-b983-e4f6c5c263e1?utm_source=Oztix&utm_medium=Website&utm_content=search&utm_term=Corner Hotel
Amelia Adler at The Retreat Hotel Brunswick w/ Black Dime Cabaret + LINA,2025-04-03,The Retreat Hotel,https://www.eventbrite.com.au/e/amelia-adler-at-the-retreat-hotel-brunswick-w-black-dime-cabaret-lina-tickets-1258986304929?aff=ebdsoporgprofile
Female Fundraiser 2,2025-04-03,Miscellania,https://events.humanitix.com/female-fundraiser-2?hxchl=hex-pfl
Galaxy Music Label Launch Showcase,2025-04-03,The Workers Club,https://tickets.oztix.com.au/outlet/event/45a7b9c8-6560-4019-a105-6adf6fd2b201?utm_source=Oztix&utm_medium=Website&utm_content=search&utm_term=The Workers Club
Alexander Flood 'ARTIFACTUAL RHYTHM' Launch,2025-04-03,The Night Cat,https://www.moshtix.com.au/v2/event/alexander-flood-artifactual-rhythm-launch/177554
Ingrid and the Ministers,2025-04-03,Brunswick Ballroom,https://www.moshtix.com.au/v2/event/ingrid-and-the-ministers/178100
Sunny Morris (album launch),2025-04-03,Northcote Social Club,https://tickets.northcotesocialclub.com/outlet/event/bd0980b0-b2d2-42b2-b00e-70f7d689fb99?utm_source=Oztix&utm_medium=Website&utm_content=search&utm_term=Northcote Social Club
FLOW MOTION,2025-04-03,Kindred Bandroom,https://www.moshtix.com.au/v2/event/flow-motion/178418
THH X HOUSE OF DIESEL PRESENTS: TINKER-TALKS: TRANS DAY OF VISABILITY INTERVIEW WITH LEGENDARY MOTHER JAYCEE IMAN,2025-04-03,Howler,https://www.moshtix.com.au/v2/event/thh-x-house-of-diesel-presents-tinker-talks-trans-day-of-visability-interview-w/178603
4hr Parking (Single Launch),2025-04-04,The Workers Club,https://tickets.oztix.com.au/outlet/event/392ec75d-5603-473e-892b-4876b416aa14?utm_source=Oztix&utm_medium=Website&utm_content=search&utm_term=The Workers Club
Jack Gabriel w/ Sam Darcy Band + Care,2025-04-04,Brunswick Ballroom,https://www.moshtix.com.au/v2/event/jack-gabriel-w-sam-darcy-band-care/177927
Love Forever take over at The Toff in Town,2025-04-04,The Toff in Town,https://www.moshtix.com.au/v2/event/love-forever-take-over-at-the-toff-in-town/178917
JAMO & KUMI - THE FULL EXPERIENCE,2025-04-04,Howler,https://www.moshtix.com.au/v2/event/jamo-kumi-the-full-experience/177821
Winger,2025-04-04,170 Russell,https://www.moshtix.com.au/v2/event/winger/176920
TDJ pres. SPF INFINI - Melbourne,2025-04-04,The Night Cat,https://www.moshtix.com.au/v2/event/tdj-pres-spf-infini-melbourne/176821
Big Yawn & Friends,2025-04-04,Miscellania,https://events.humanitix.com/big-yawn-and-friends?hxchl=hex-pfl
CIANG AJEIC: IN THE BENINGING,2025-04-04,Kindred Bandroom,https://www.moshtix.com.au/v2/event/ciang-ajeic-in-the-beninging/177802
THE WONDER YEARS (USA) -  Australian Tour 2025 with Joyce Manor (USA) + Suzi,2025-04-04,Northcote Theatre,https://www.moshtix.com.au/v2/event/the-wonder-years-usa-australian-tour-2025-with-joyce-manor-usa-suzi/174023
The Peep Tempel,2025-04-04,Corner Hotel,https://tickets.cornerhotel.com/outlet/event/38e64ec6-8379-4e51-8782-342158734243?utm_source=Oztix&utm_medium=Website&utm_content=search&utm_term=Corner Hotel
BASS.IC presents: EMMA MOON,2025-04-05,Howler,https://www.moshtix.com.au/v2/event/bass-ic-presents-emma-moon/178308
REGGAE & DANCEHALL JAM SESSION,2025-04-05,Kindred Bandroom,https://www.moshtix.com.au/v2/event/reggae-dancehall-jam-session/178417
B!TE:  VOL 2 AT THE TOFF,2025-04-05,The Toff in Town,https://www.moshtix.com.au/v2/event/bte-vol-2-at-the-toff/178368
MADAMS - SATURDAYS IN APRIL,2025-04-05,Brunswick Ballroom,https://www.moshtix.com.au/v2/event/madams-saturdays-in-april/177968
Darren Kiely,2025-04-05,The Night Cat,https://www.moshtix.com.au/v2/event/darren-kiely/174578
Hidden Intent (Terrorform Album Launch Tour Melbourne),2025-04-05,Northcote Social Club,https://tickets.northcotesocialclub.com/outlet/event/e0d89dec-7730-4abf-a5ef-6ec7a80c6643?utm_source=Oztix&utm_medium=Website&utm_content=search&utm_term=Northcote Social Club
Jimeoin,2025-04-05,Hamer Hall,/shows/show.aspx?sh=JIMEOIN25&v=VHH
Crash Test Dummies (Canada) ‘God Shuffled His Feet’ 30th Anniversary World Tour,2025-04-05,Northcote Theatre,https://www.moshtix.com.au/v2/event/crash-test-dummies-canada-‘god-shuffled-his-feet’-30th-anniversary-world-tour/170320
BATTS,2025-04-05,The Retreat Hotel,https://www.eventbrite.com.au/e/batts-tickets-1265552564789?aff=ebdsoporgprofile
Mallrat 'Light Hit My Face Like A Straight Right',2025-04-05,Forum Melbourne,/shows/show.aspx?sh=MALLRAT25&v=FRM
The Peep Tempel,2025-04-05,Corner Hotel,https://tickets.cornerhotel.com/outlet/event/fdd11ded-5345-49a2-b36f-ebad969374c5?utm_source=Oztix&utm_medium=Website&utm_content=search&utm_term=Corner Hotel
"SWOON with Ed Kent, Hannah D & Sophie McAlister",2025-04-05,Miscellania,https://events.humanitix.com/swoon-with-ed-kent-hannah-d-and-sophie-mcalister?hxchl=hex-pfl
THE WILDEBEATS,2025-04-06,Brunswick Ballroom,https://www.moshtix.com.au/v2/event/the-wildebeats/178190
trentemøller,2025-04-06,Forum Melbourne,/shows/show.aspx?sh=TRENTE25&v=FRM
MUTATIONS 3RD BIRTHDAY with Ma Sha (Kindergarten Records) & MJK (Ilian Tape),2025-04-06,Miscellania,https://events.humanitix.com/mutations-3rd-birthday-with-ma-sha-kindergarten-records-and-mjk-ilian-tape?hxchl=hex-pfl
CIANG AJEIC: IN THE BENINGING,2025-04-06,Kindred Bandroom,https://www.moshtix.com.au/v2/event/ciang-ajeic-in-the-beninging/177803
Seventh Wonder Performs Fleetwood Mac's Rumours & the Hits! (Matinee),2025-04-06,Corner Hotel,https://tickets.cornerhotel.com/outlet/event/fe50ec71-982c-4034-bd13-3af2e547599f?utm_source=Oztix&utm_medium=Website&utm_content=search&utm_term=Corner Hotel
Domingo Latino - Sazón,2025-04-06,The Night Cat,https://www.moshtix.com.au/v2/event/domingo-latino-sazon/177748
Crash Test Dummies (Canada) ‘God Shuffled His Feet’ 30th Anniversary World Tour,2025-04-06,Northcote Theatre,https://www.moshtix.com.au/v2/event/crash-test-dummies-canada-‘god-shuffled-his-feet’-30th-anniversary-world-tour/171720
Matinee: Barkin' Blue,2025-04-06,The Workers Club,https://tickets.oztix.com.au/outlet/event/f051c281-3146-40a0-87fa-916331d867b9?utm_source=Oztix&utm_medium=Website&utm_content=search&utm_term=The Workers Club
NIEUW MONDAYS,2025-04-07,The Workers Club,https://tickets.oztix.com.au/outlet/event/e4919f17-5166-4d3d-9ae1-5173ef47d1f9?utm_source=Oztix&utm_medium=Website&utm_content=search&utm_term=The Workers Club
NERD NITE #62,2025-04-08,Howler,https://www.moshtix.com.au/v2/event/nerd-nite-62/177721
JOHN CRAIGIE (USA),2025-04-08,Northcote Social Club,https://tickets.northcotesocialclub.com/outlet/event/52d95a3c-b2f1-46e6-af20-cc72ca4d7275?utm_source=Oztix&utm_medium=Website&utm_content=search&utm_term=Northcote Social Club
Dethklok: Awaken Australia,2025-04-09,Forum Melbourne,/shows/show.aspx?sh=DETHLOK25&v=FRM
FEEDER (UK),2025-04-09,170 Russell,https://www.moshtix.com.au/v2/event/feeder-uk/174043
JOHN CRAIGIE & KASSI VALAZZA,2025-04-09,Kindred Bandroom,https://www.moshtix.com.au/v2/event/john-craigie-kassi-valazza/173481
Mayuan Poet Australia Tour Melbourne (CHN),2025-04-09,Corner Hotel,https://tickets.cornerhotel.com/outlet/event/ed8b943e-f1e2-406d-a3e6-bc7bf902627b?utm_source=Oztix&utm_medium=Website&utm_content=search&utm_term=Corner Hotel
GUM / AMBROSE KENNY SMITH - III TIMES AUSTRALIA TOUR,2025-04-09,Howler,https://www.moshtix.com.au/v2/event/gum-ambrose-kenny-smith-iii-times-australia-tour/178021
UNEDUC4TED Live @ The Retreat Hotel,2025-04-10,The Retreat Hotel,https://www.eventbrite.com.au/e/uneduc4ted-live-the-retreat-hotel-tickets-1290943249009?aff=ebdsoporgprofile
GUM & Ambrose Kenny-Smith III Times Australia Tour,2025-04-10,Corner Hotel,https://tickets.cornerhotel.com/outlet/event/975c10d8-c390-4399-91e7-5237e7d8f467?utm_source=Oztix&utm_medium=Website&utm_content=search&utm_term=Corner Hotel
RAGA SAGA // THUR ARVO GIG SERIES,2025-04-10,Kindred Bandroom,https://www.moshtix.com.au/v2/event/raga-saga-thur-arvo-gig-series/178419
Matthew Ifield,2025-04-10,Northcote Social Club,https://tickets.northcotesocialclub.com/outlet/event/0acb2bbb-f45c-41a5-8186-bec0ccaa8e34?utm_source=Oztix&utm_medium=Website&utm_content=search&utm_term=Northcote Social Club
Ned Baulderstone (Album Tour),2025-04-10,The Workers Club,https://tickets.oztix.com.au/outlet/event/e62e866b-8fc5-40a2-95df-a74e28ba6e35?utm_source=Oztix&utm_medium=Website&utm_content=search&utm_term=The Workers Club
Body Verse x SHED: Nikki Nair,2025-04-11,Miscellania,https://events.humanitix.com/body-verse-x-shed-nikki-nair?hxchl=hex-pfl
Psychedelic Porn Crumpets (‘MARCH ON FOR PAX ROMANA’ Australian Tour),2025-04-11,Corner Hotel,https://tickets.cornerhotel.com/outlet/event/2e1995cb-bc4c-43dd-91e2-946593d3ffb7?utm_source=Oztix&utm_medium=Website&utm_content=search&utm_term=Corner Hotel
CRUSH3d presents ev3r,2025-04-11,Northcote Theatre,https://www.moshtix.com.au/v2/event/crush3d-presents-ev3r/176480
Bad Manners (UK) 50th Anniversary Tour,2025-04-11,170 Russell,https://www.moshtix.com.au/v2/event/bad-manners-uk-50th-anniversary-tour/170902
PHASE WANDERER w/ Lalu & Could Be Stars,2025-04-11,Brunswick Ballroom,https://www.moshtix.com.au/v2/event/phase-wanderer-w-lalu-could-be-stars/178185
CAMOUFLY,2025-04-11,Howler,https://www.moshtix.com.au/v2/event/camoufly/174886
You Am I - The Hi Fi Daily Double Down Tour,2025-04-11,Forum Melbourne,/shows/show.aspx?sh=YOUAM25&v=FRM
Beyonce: Cowboy Carter Party - Melbourne,2025-04-11,The Night Cat,https://www.moshtix.com.au/v2/event/beyonce-cowboy-carter-party-melbourne/178040
BABY BLUE + DOBERWOMANN + MADELINE LEMAN AT THE RETREAT,2025-04-11,The Retreat Hotel,https://www.eventbrite.com.au/e/baby-blue-doberwomann-madeline-leman-at-the-retreat-tickets-1256205657939?aff=ebdsoporgprofile
IS THAT GARAGE?,2025-04-11,The Toff in Town,https://www.moshtix.com.au/v2/event/is-that-garage/178471
Ablaze,2025-04-11,Northcote Social Club,https://tickets.northcotesocialclub.com/outlet/event/a0718616-84a0-494f-bd52-d931551cbf82?utm_source=Oztix&utm_medium=Website&utm_content=search&utm_term=Northcote Social Club
'+++! GO DOWN UNDA' ft. Church & AP,2025-04-11,The Workers Club,https://tickets.oztix.com.au/outlet/event/6fa039be-6392-48a0-8080-0ada5d96423c?utm_source=Oztix&utm_medium=Website&utm_content=search&utm_term=The Workers Club
Journey Of Sound pres. HENRY SAIZ (ESP),2025-04-12,Howler,https://www.moshtix.com.au/v2/event/journey-of-sound-pres-henry-saiz-esp/177922
Kulture Show - Boiler Room Experience,2025-04-12,The Toff in Town,https://www.moshtix.com.au/v2/event/kulture-show-boiler-room-experience/178572
Pierce Brothers,2025-04-12,Corner Hotel,https://tickets.cornerhotel.com/outlet/event/959e93e1-6628-42a2-ad41-0537a248f1cd?utm_source=Oztix&utm_medium=Website&utm_content=search&utm_term=Corner Hotel
Vanilla Gorilla 2025 ‘Home’ Album Tour,2025-04-12,Brunswick Ballroom,https://www.moshtix.com.au/v2/event/vanilla-gorilla-2025-‘home’-album-tour/175849
Kim Salmon's Smoked Salmon (album launch),2025-04-12,Northcote Social Club,https://tickets.northcotesocialclub.com/outlet/event/78414ed0-be85-416a-b0a8-52c51ec2c4ee?utm_source=Oztix&utm_medium=Website&utm_content=search&utm_term=Northcote Social Club
THE JUNGLE GIANTS - Hold My Hand Single Tour,2025-04-12,Northcote Theatre,https://www.moshtix.com.au/v2/event/the-jungle-giants-hold-my-hand-single-tour/176319
Sara Pascoe:  I am A Strange Gloop,2025-04-12,Max Watt's Melbourne,https://tickets.oztix.com.au/outlet/event/b989156e-4616-4425-9648-b1d9109f0e5c?utm_source=Oztix&utm_medium=Website&utm_content=search&utm_term=Max Watt's Melbourne
"Snap, CeCe Peniston, D:Ream",2025-04-12,Forum Melbourne,/shows/show.aspx?sh=SNAP25&v=FRM
Golden Hour 'Nine Lives' Album Launch ft. G Tano and Minluv,2025-04-12,The Retreat Hotel,https://www.eventbrite.com.au/e/golden-hour-nine-lives-album-launch-ft-g-tano-and-minluv-tickets-1288945995169?aff=ebdsoporgprofile
Mondo Freaks | Bells Are Ringing EP Launch Party,2025-04-12,The Night Cat,https://www.moshtix.com.au/v2/event/mondo-freaks-bells-are-ringing-ep-launch-party/177690
OUT ON THE DECK WITH BIG CAT,2025-04-12,Kindred Bandroom,https://www.moshtix.com.au/v2/event/out-on-the-deck-with-big-cat/178484
Umbra Moon (Single Launch),2025-04-12,The Workers Club,https://tickets.oztix.com.au/outlet/event/ac9fb64d-3b7c-46f0-b90e-4309d2983914?utm_source=Oztix&utm_medium=Website&utm_content=search&utm_term=The Workers Club
Daniel Connell: 27 March - 13 April,2025-04-13,Max Watt's Melbourne,https://tickets.oztix.com.au/outlet/event/4bba8095-af79-4904-b596-06da8b39a3c8?utm_source=Oztix&utm_medium=Website&utm_content=search&utm_term=Max Watt's Melbourne
"NARDIA, supported by MAYFIELD & TANYA GEORGE",2025-04-13,Brunswick Ballroom,https://www.moshtix.com.au/v2/event/nardia-supported-by-mayfield-tanya-george/177311
Domingo Latino - Quarter Street,2025-04-13,The Night Cat,https://www.moshtix.com.au/v2/event/domingo-latino-quarter-street/178868
Uncanny X-Men (Matinee),2025-04-13,Corner Hotel,https://tickets.cornerhotel.com/outlet/event/6be27868-e7f5-4a7e-8697-b878d4e10e2d?utm_source=Oztix&utm_medium=Website&utm_content=search&utm_term=Corner Hotel
Tom Morello,2025-04-13,Forum Melbourne,/shows/show.aspx?sh=TOMMO25&v=FRM
PSI PHI at The Retreat Hotel,2025-04-13,The Retreat Hotel,https://www.eventbrite.com.au/e/psi-phi-at-the-retreat-hotel-tickets-1235303880159?aff=ebdsoporgprofile
Father Daddy (Palm Sunday Show),2025-04-13,The Workers Club,https://tickets.oztix.com.au/outlet/event/9af543c1-04ee-4252-8be4-cfb7e0531dfb?utm_source=Oztix&utm_medium=Website&utm_content=search&utm_term=The Workers Club
ARSELESS CHAPS (Damian Cowell & Tony Martin),2025-04-13,Howler,https://www.moshtix.com.au/v2/event/arseless-chaps-damian-cowell-tony-martin/176491
Thread,2025-04-13,Miscellania,https://events.humanitix.com/thread?hxchl=hex-pfl
KUMA SAGAR & THE KHWOPAA,2025-04-14,170 Russell,https://www.moshtix.com.au/v2/event/kuma-sagar-the-khwopaa/176340
NIEUW MONDAYS,2025-04-14,The Workers Club,https://tickets.oztix.com.au/outlet/event/5dbd3375-68d0-4008-b758-d6a01c1d33a4?utm_source=Oztix&utm_medium=Website&utm_content=search&utm_term=The Workers Club
MARC BROUSSARD (USA),2025-04-14,Northcote Theatre,https://www.moshtix.com.au/v2/event/marc-broussard-usa/171455
"‘Social Sanctuary’ with Think About You, Hot Glue + Greer Clemens Band",2025-04-14,Northcote Social Club,https://tickets.northcotesocialclub.com/outlet/event/1bbebde0-cdd5-4178-bcfd-898abb8a8c56?utm_source=Oztix&utm_medium=Website&utm_content=search&utm_term=Northcote Social Club
The Libertines,2025-04-15,Forum Melbourne,/shows/show.aspx?sh=LIBERTIN25&v=FRM
"I Love You, Man (Film Screening)",2025-04-16,Northcote Social Club,https://tickets.northcotesocialclub.com/outlet/event/e8c2ca66-1eaf-42c6-9833-2fa9659dbc5c?utm_source=Oztix&utm_medium=Website&utm_content=search&utm_term=Northcote Social Club
BJ THE CHICAGO KID (USA),2025-04-16,Northcote Theatre,https://www.moshtix.com.au/v2/event/bj-the-chicago-kid-usa/171356
KOREA SPOTLIGHT,2025-04-16,170 Russell,https://www.moshtix.com.au/v2/event/korea-spotlight/178213
Norman Jay (MBE) Pres. Good Times Melbourne,2025-04-17,The Night Cat,https://www.moshtix.com.au/v2/event/norman-jay-mbe-pres-good-times-melbourne/177238
Ruby Gill,2025-04-17,Northcote Social Club,https://tickets.northcotesocialclub.com/outlet/event/a72b72c9-8f4d-4fa9-bc42-e75ea94e91b4?utm_source=Oztix&utm_medium=Website&utm_content=search&utm_term=Northcote Social Club
daezy (EP Launch),2025-04-17,The Workers Club,https://tickets.oztix.com.au/outlet/event/76cbe015-eb81-4291-be08-9e59a1f19626?utm_source=Oztix&utm_medium=Website&utm_content=search&utm_term=The Workers Club
The Pretty Littles (album launch),2025-04-17,Corner Hotel,https://tickets.cornerhotel.com/outlet/event/67099294-e1e9-451c-a758-7dc193eac923?utm_source=Oztix&utm_medium=Website&utm_content=search&utm_term=Corner Hotel
HORIZON with GEE LEE [UK] & More.,2025-04-17,Howler,https://www.moshtix.com.au/v2/event/horizon-with-gee-lee-uk-more/178671
My Cousin Vlad - Life's A Joke,2025-04-17,Hamer Hall,/shows/show.aspx?sh=VLAD25&v=VHH
The Black Charade (My Chemical Romance Tribute) (UK),2025-04-18,170 Russell,https://www.moshtix.com.au/v2/event/the-black-charade-my-chemical-romance-tribute-uk/172756
Monsters of Riff,2025-04-18,Northcote Social Club,https://tickets.northcotesocialclub.com/outlet/event/29c88da1-c378-4d32-aebb-0f589dd45732?utm_source=Oztix&utm_medium=Website&utm_content=search&utm_term=Northcote Social Club
Malicy (Debut Single Launch),2025-04-18,The Workers Club,https://tickets.oztix.com.au/outlet/event/cb233e3e-60b5-4b65-ba75-4b8f91c146c2?utm_source=Oztix&utm_medium=Website&utm_content=search&utm_term=The Workers Club
Not For Prophet - SXNCELLO,2025-04-18,Howler,https://www.moshtix.com.au/v2/event/not-for-prophet-sxncello/178827
Nazeem Hussain:  You Paid for This,2025-04-18,Max Watt's Melbourne,https://tickets.oztix.com.au/outlet/event/68c49df4-bbd0-48b4-8d10-ec765fde79ad?utm_source=Oztix&utm_medium=Website&utm_content=search&utm_term=Max Watt's Melbourne
'Shaking off Limits' Parkinson's Fundraiser,2025-04-19,The Workers Club,https://tickets.oztix.com.au/outlet/event/44d23ddd-a774-442f-8a55-33441d9c2f1b?utm_source=Oztix&utm_medium=Website&utm_content=search&utm_term=The Workers Club
"Shingo Nakamura (Monstercat Silk, Anjunadeep, Otographic)",2025-04-19,Howler,https://www.moshtix.com.au/v2/event/shingo-nakamura-monstercat-silk-anjunadeep-otographic/176885
NERVOSA - 15 Years Of Nervosa (Braz),2025-04-19,Northcote Social Club,https://tickets.northcotesocialclub.com/outlet/event/28162447-c9e6-4df6-bd4e-5134e37a178d?utm_source=Oztix&utm_medium=Website&utm_content=search&utm_term=Northcote Social Club
Festival Club:  27 March - 19 April,2025-04-19,Max Watt's Melbourne,https://tickets.oztix.com.au/outlet/event/6ead2c76-2698-4a3a-985a-c937e811e119?utm_source=Oztix&utm_medium=Website&utm_content=search&utm_term=Max Watt's Melbourne
Yacht Rock Revival,2025-04-19,Corner Hotel,https://tickets.cornerhotel.com/outlet/event/0e8ac6aa-e291-4923-9a5b-bc3303656fbd?utm_source=Oztix&utm_medium=Website&utm_content=search&utm_term=Corner Hotel
ILIZA - THE GET READY TOUR,2025-04-20,Hamer Hall,/shows/show.aspx?sh=ILIZAVHH25&v=VHH
Matinee: Moon Elevator (Single Launch),2025-04-20,The Workers Club,https://tickets.oztix.com.au/outlet/event/f12afef8-6071-40b0-bd78-88601dc3fe99?utm_source=Oztix&utm_medium=Website&utm_content=search&utm_term=The Workers Club
The Sharp (EP Launch),2025-04-20,Northcote Social Club,https://tickets.northcotesocialclub.com/outlet/event/2661adf6-62a4-4e4d-9f42-64b2ed093971?utm_source=Oztix&utm_medium=Website&utm_content=search&utm_term=Northcote Social Club
Domingo Latino - Tumbao Social,2025-04-20,The Night Cat,https://www.moshtix.com.au/v2/event/domingo-latino-tumbao-social/178870
Julio Torres:  15-20 April,2025-04-20,Max Watt's Melbourne,https://tickets.oztix.com.au/outlet/event/865ab188-478c-4240-aca8-06a5e6c24426?utm_source=Oztix&utm_medium=Website&utm_content=search&utm_term=Max Watt's Melbourne
NIEUW MONDAYS,2025-04-21,The Workers Club,https://tickets.oztix.com.au/outlet/event/c9bbec3c-a57d-4d85-b6ee-19025aa51cae?utm_source=Oztix&utm_medium=Website&utm_content=search&utm_term=The Workers Club
"‘Social Sanctuary’ with Mr. Industry, Red Moon Cowboy + Billy Cart",2025-04-21,Northcote Social Club,https://tickets.northcotesocialclub.com/outlet/event/eaf0887f-d14d-4d57-ba8b-d22e52ee2183?utm_source=Oztix&utm_medium=Website&utm_content=search&utm_term=Northcote Social Club
George Thorogood & The Destroyers,2025-04-21,Forum Melbourne,/shows/show.aspx?sh=GTHORO25&v=FRM
CHRISTONE 'KINGFISH' INGRAM (USA),2025-04-21,Northcote Theatre,https://www.moshtix.com.au/v2/event/christone-kingfish-ingram-usa/171351
Ladybitch,2025-04-23,The Workers Club,https://tickets.oztix.com.au/outlet/event/a390550c-fdd1-4481-834c-c10acbd7dd1e?utm_source=Oztix&utm_medium=Website&utm_content=search&utm_term=The Workers Club
RODRIGO Y GABRIELA (MEX),2025-04-23,Northcote Theatre,https://www.moshtix.com.au/v2/event/rodrigo-y-gabriela-mex/174271
RAG'N'BONE MAN,2025-04-23,Forum Melbourne,/shows/show.aspx?sh=RAGNBONE25&v=FRM
The Stems,2025-04-23,Northcote Social Club,https://tickets.northcotesocialclub.com/outlet/event/994531c2-baa0-4bce-be55-1a7a71d674b0?utm_source=Oztix&utm_medium=Website&utm_content=search&utm_term=Northcote Social Club
FUKHED w/ special guests Claire O'Brien and Dondy B2B Romiindahouse,2025-04-24,The Night Cat,https://www.moshtix.com.au/v2/event/fukhed-w-special-guests-claire-obrien-and-dondy-b2b-romiindahouse/177403
ROBBIE BUNDLE // THUR ARVO GIG SERIES,2025-04-24,Kindred Bandroom,https://www.moshtix.com.au/v2/event/robbie-bundle-thur-arvo-gig-series/178854
Live Slug Reaction “Lavender Town” Launch w/ Operation: and Aisha Winter,2025-04-24,The Retreat Hotel,https://www.eventbrite.com.au/e/live-slug-reaction-lavender-town-launch-w-operation-and-aisha-winter-tickets-1296415356229?aff=ebdsoporgprofile
"Mia Wray (hi, it's nice to meet me au tour)",2025-04-24,Corner Hotel,https://tickets.cornerhotel.com/outlet/event/2aa75578-edf1-4e21-874a-6dffa27773bb?utm_source=Oztix&utm_medium=Website&utm_content=search&utm_term=Corner Hotel
OPIUO – Australia 2025,2025-04-24,Max Watt's Melbourne,https://tickets.oztix.com.au/outlet/event/c4d7db5c-e113-4b79-b09a-3b295b60df1a?utm_source=Oztix&utm_medium=Website&utm_content=search&utm_term=Max Watt's Melbourne
Seven Pound Halo (Public Holiday Eve),2025-04-24,The Workers Club,https://tickets.oztix.com.au/outlet/event/da2c7bc1-ab87-4ef4-b216-34d3df69988e?utm_source=Oztix&utm_medium=Website&utm_content=search&utm_term=The Workers Club
Tentendo,2025-04-24,Northcote Social Club,https://tickets.northcotesocialclub.com/outlet/event/92e41d37-ab16-4ad2-86b1-c73098bcf35d?utm_source=Oztix&utm_medium=Website&utm_content=search&utm_term=Northcote Social Club
MK,2025-04-24,170 Russell,https://www.moshtix.com.au/v2/event/mk/178498
MIKE GURRIERI PRESENTS: IN THE MOMENT,2025-04-25,The Toff in Town,https://www.moshtix.com.au/v2/event/mike-gurrieri-presents-in-the-moment/178918
Nahko (USA - Celebrating 10 Years of ‘Dark As Night’ Solo Acoustic Tour),2025-04-25,Northcote Social Club,https://tickets.northcotesocialclub.com/outlet/event/1f74f163-f58a-4ee6-8b9c-105407a786ca?utm_source=Oztix&utm_medium=Website&utm_content=search&utm_term=Northcote Social Club
GROND at the Retreat w/ Gecko + Favoured State + Dolls,2025-04-25,The Retreat Hotel,https://www.eventbrite.com.au/e/grond-at-the-retreat-w-gecko-favoured-state-dolls-tickets-1288961872659?aff=ebdsoporgprofile
Death From Above 1979,2025-04-25,170 Russell,https://www.moshtix.com.au/v2/event/death-from-above-1979/172761
MOOD SWING & CHEVY BASS BLOCK PARTY Feat. THE SPONGES (US) & WONGO,2025-04-25,Howler,https://www.moshtix.com.au/v2/event/mood-swing-chevy-bass-block-party-feat-the-sponges-us-wongo/176508
JOHN DIGWEED (UK) + SIMON VUARAMBON (ARG) + ZANKEE GULATI (SYD) - Bedrock Showcase Melbourne 2025,2025-04-25,Northcote Theatre,https://www.moshtix.com.au/v2/event/john-digweed-uk-simon-vuarambon-arg-zankee-gulati-syd-bedrock-showcas/177024
Larissa Lambert & Friends,2025-04-25,Max Watt's Melbourne,https://tickets.oztix.com.au/outlet/event/ad0d6f6a-a0d9-444b-b3e3-e9ddcfd36951?utm_source=Oztix&utm_medium=Website&utm_content=search&utm_term=Max Watt's Melbourne
The Buzz Lovers (Nirvana Tribute) ‘Nevermind’ + Fan Faves,2025-04-26,Max Watt's Melbourne,https://tickets.oztix.com.au/outlet/event/d68cdc27-1b44-4670-8950-83346db525e7?utm_source=Oztix&utm_medium=Website&utm_content=search&utm_term=Max Watt's Melbourne
Sam Barber - Restless Mind Tour,2025-04-26,Forum Melbourne,/shows/show.aspx?sh=SBARB25&v=FRM
Romeo and Juliet,2025-04-26,Hamer Hall,/shows/show.aspx?sh=ROMEOJ25&v=VHH
Joey Lightbulb & Friends | VICTORY LAP,2025-04-26,The Night Cat,https://www.moshtix.com.au/v2/event/joey-lightbulb-friends-victory-lap/178490
THIS WILL DESTROY YOU - AUSTRALIAN TOUR,2025-04-26,Howler,https://www.moshtix.com.au/v2/event/this-will-destroy-you-australian-tour/175099
Mess Esque (album launch),2025-04-26,Northcote Social Club,https://tickets.northcotesocialclub.com/outlet/event/643601e3-0918-45af-81b1-176ad1ba61ae?utm_source=Oztix&utm_medium=Website&utm_content=search&utm_term=Northcote Social Club
OUT ON THE DECK WITH STEPPERS,2025-04-26,Kindred Bandroom,https://www.moshtix.com.au/v2/event/out-on-the-deck-with-steppers/178485
YUNG SINGH (UK),2025-04-26,Northcote Theatre,https://www.moshtix.com.au/v2/event/yung-singh-uk/178291
BINGO LOCO,2025-04-26,170 Russell,https://www.moshtix.com.au/v2/event/bingo-loco/176914
DICE (‘Chasing Hearts’ Tour),2025-04-26,Corner Hotel,https://tickets.cornerhotel.com/outlet/event/0b16b6c6-bce5-4378-b7ba-8b1ed959e416?utm_source=Oztix&utm_medium=Website&utm_content=search&utm_term=Corner Hotel
GROOVE! With Keets,2025-04-26,The Toff in Town,https://www.moshtix.com.au/v2/event/groove-with-keets/176954
Domingo Latino - La Influencia,2025-04-27,The Night Cat,https://www.moshtix.com.au/v2/event/domingo-latino-la-influencia/178871
‘Front Bar Sessions’ with Lewis Coleman,2025-04-27,Corner Hotel,https://tickets.cornerhotel.com/outlet/event/58c6dcc8-769b-4566-9a43-619db6fd6851?utm_source=Oztix&utm_medium=Website&utm_content=search&utm_term=Corner Hotel
‘Head Gap Presents’ Sunday Songwriters (Matinee),2025-04-27,Northcote Social Club,https://tickets.northcotesocialclub.com/outlet/event/8bda7f1a-1d87-4798-8649-35484dad9c3a?utm_source=Oztix&utm_medium=Website&utm_content=search&utm_term=Northcote Social Club
"‘Social Sanctuary’ with Safety Club, Matahara + koady",2025-04-28,Northcote Social Club,https://tickets.northcotesocialclub.com/outlet/event/7f5c49b8-52a4-4cb6-b486-26ef369ca61f?utm_source=Oztix&utm_medium=Website&utm_content=search&utm_term=Northcote Social Club
NIEUW MONDAYS,2025-04-28,The Workers Club,https://tickets.oztix.com.au/outlet/event/9da9a7c7-6d52-4bd9-af3a-225173f09e68?utm_source=Oztix&utm_medium=Website&utm_content=search&utm_term=The Workers Club
GENERATION WOMEN - Failing Forward: Stories About Mistakes,2025-04-30,Howler,https://www.moshtix.com.au/v2/event/generation-women-failing-forward-stories-about-mistakes/178800
HTRK,2025-04-30,Forum Melbourne,/shows/show.aspx?sh=HTRK25&v=FRM
Always Based,2025-05-01,Max Watt's Melbourne,https://tickets.oztix.com.au/outlet/event/8078d519-17c8-441a-b40a-fdb080e59d47?utm_source=Oztix&utm_medium=Website&utm_content=search&utm_term=Max Watt's Melbourne
Chris de Burgh,2025-05-01,Hamer Hall,/shows/show.aspx?sh=CHRISDE25&v=VHH
Merkules | The Survivor's Guilt Tour,2025-05-01,170 Russell,https://www.moshtix.com.au/v2/event/merkules-the-survivors-guilt-tour/178276
K MOTIONZ 'CROWD CONTROL',2025-05-02,170 Russell,https://www.moshtix.com.au/v2/event/k-motionz-crowd-control/178540
Ned Bennett | Melbourne,2025-05-02,Max Watt's Melbourne,https://tickets.oztix.com.au/outlet/event/bf2ad4e4-98f5-4e62-8049-50e7489cb486?utm_source=Oztix&utm_medium=Website&utm_content=search&utm_term=Max Watt's Melbourne
MELBOURNE RIKARENA - Sacúdelo que tiene arena,2025-05-02,Northcote Theatre,https://www.moshtix.com.au/v2/event/melbourne-rikarena-sacudelo-que-tiene-arena/178501
Weened (25 Years of White Pepper),2025-05-02,Corner Hotel,https://tickets.cornerhotel.com/outlet/event/b1a98b3a-a807-4688-9260-cc5ff1f1ed33?utm_source=Oztix&utm_medium=Website&utm_content=search&utm_term=Corner Hotel
"Black Market ft. DJ Traytex, Justin Jay, Justin Tinderdate b2b Elo Trance",2025-05-03,Max Watt's Melbourne,https://tickets.oztix.com.au/outlet/event/e9b34ca9-d02c-49ab-bec4-9ca541bf3b64?utm_source=Oztix&utm_medium=Website&utm_content=search&utm_term=Max Watt's Melbourne
Pink Pony Club - Melbourne,2025-05-03,The Night Cat,https://www.moshtix.com.au/v2/event/pink-pony-club-melbourne/178295
ROSS THE BOSS,2025-05-03,Croxton Bandroom,https://tickets.oztix.com.au/outlet/event/15b024f4-a97f-40e1-9eac-6f5e9545f968?utm_source=Oztix&utm_medium=Website&utm_content=search&utm_term=Croxton Bandroom
NEW MODEL ARMY (UK) - Unbroken Tour,2025-05-03,Northcote Theatre,https://www.moshtix.com.au/v2/event/new-model-army-uk-unbroken-tour/172736
Ben Schwartz & Friends,2025-05-04,Hamer Hall,/shows/show.aspx?sh=BENSCHWA25&v=VHH
Kings of Country Rock – Eagles Vs Creedence (Matinee),2025-05-04,Corner Hotel,https://tickets.cornerhotel.com/outlet/event/690760c1-34d7-4376-beca-40afe099ee1e?utm_source=Oztix&utm_medium=Website&utm_content=search&utm_term=Corner Hotel
Old School R&B Brunch Live - Melbourne,2025-05-04,170 Russell,https://www.moshtix.com.au/v2/event/old-school-rb-brunch-live-melbourne/178655
20 Years of Eli Paperboy Reed (USA),2025-05-08,Corner Hotel,https://tickets.cornerhotel.com/outlet/event/8040f5e6-57ce-48a7-8b21-103742a0ffc5?utm_source=Oztix&utm_medium=Website&utm_content=search&utm_term=Corner Hotel
POKEY LAFARGE & HIS BAND,2025-05-08,Croxton Bandroom,https://tickets.oztix.com.au/outlet/event/b12eecfb-0ded-4485-b3c0-8f320a7da48a?utm_source=Oztix&utm_medium=Website&utm_content=search&utm_term=Croxton Bandroom
Keanu Nelson [Papunya/Warumpi] + The Green Child + Flame J,2025-05-08,The Night Cat,https://www.moshtix.com.au/v2/event/keanu-nelson-papunya-warumpi-the-green-child-flame-j/178825
Pisco Sour,2025-05-09,The Night Cat,https://www.moshtix.com.au/v2/event/pisco-sour/178060
Currents (USA) & Chelsea Grin (USA) Co-Headline Australian Tour 2025,2025-05-09,170 Russell,https://www.moshtix.com.au/v2/event/currents-usa-chelsea-grin-usa-co-headline-australian-tour-2025/176992
EBONNIE ROSE LIVE // MAY 9TH 2025,2025-05-09,Kindred Bandroom,https://www.moshtix.com.au/v2/event/ebonnie-rose-live-may-9th-2025/177987
Rock Ko Fol | Melbourne,2025-05-09,Max Watt's Melbourne,https://tickets.oztix.com.au/outlet/event/b620661a-e8b1-4d49-ab55-80ad7b2bada6?utm_source=Oztix&utm_medium=Website&utm_content=search&utm_term=Max Watt's Melbourne
Wrestlerock,2025-05-09,Corner Hotel,https://tickets.cornerhotel.com/outlet/event/306cdb7b-e7b6-4221-a7cc-3c811ddd2480?utm_source=Oztix&utm_medium=Website&utm_content=search&utm_term=Corner Hotel
Dear Seattle 'TOY' Album Tour 2025,2025-05-09,Croxton Bandroom,https://tickets.oztix.com.au/outlet/event/8eae24d3-4d46-4300-b8ac-c01a5c72a790?utm_source=Oztix&utm_medium=Website&utm_content=search&utm_term=Croxton Bandroom
INSOMNIUM with special guests OMNIUM GATHERUM,2025-05-10,Croxton Bandroom,https://tickets.oztix.com.au/outlet/event/4397ca6c-ce68-43cd-bcfe-ecb0291a597d?utm_source=Oztix&utm_medium=Website&utm_content=search&utm_term=Croxton Bandroom
Uncle Archie Roach Block Party,2025-05-10,The Toff in Town,https://www.moshtix.com.au/v2/event/uncle-archie-roach-block-party/178755
‘90’s Rock Rager’ ft. Even Flow (The Australian Pearl Jam Tribute),2025-05-10,Corner Hotel,https://tickets.cornerhotel.com/outlet/event/d19173be-32c5-46a5-8cb5-56804e13dd36?utm_source=Oztix&utm_medium=Website&utm_content=search&utm_term=Corner Hotel
Montell Fish,2025-05-11,Forum Melbourne,/shows/show.aspx?sh=MONTELLF25&v=FRM
LANDMVRKS Australian Tour 2025,2025-05-11,170 Russell,https://www.moshtix.com.au/v2/event/landmvrks-australian-tour-2025/176933
Leif Vollebekk,2025-05-11,Croxton Bandroom,https://tickets.oztix.com.au/outlet/event/f8ddc25b-8732-4dea-aa4a-9372938d1743?utm_source=Oztix&utm_medium=Website&utm_content=search&utm_term=Croxton Bandroom
Good Neighbours,2025-05-13,Max Watt's Melbourne,https://tickets.oztix.com.au/outlet/event/4a732a60-a5bd-47b4-a725-c2a60c6be847?utm_source=Oztix&utm_medium=Website&utm_content=search&utm_term=Max Watt's Melbourne
Max McNown - A Lot More Free Tour,2025-05-13,Forum Melbourne,/shows/show.aspx?sh=MCNOWN25&v=FRM
The Lemonheads - It's A Shame About Come On Feel Tour,2025-05-14,Croxton Bandroom,https://tickets.oztix.com.au/outlet/event/b3b39f3a-7fdc-4fa6-99ee-70cc2be845d0?utm_source=Oztix&utm_medium=Website&utm_content=search&utm_term=Croxton Bandroom
2025 EVNNE CONCERT 'SET N GO' AUSTRALIA,2025-05-15,170 Russell,https://www.moshtix.com.au/v2/event/2025-evnne-concert-set-n-go-australia/177994
Rollflash,2025-05-15,Max Watt's Melbourne,https://tickets.oztix.com.au/outlet/event/ed66799d-6d8e-4889-b317-41aa10026b23?utm_source=Oztix&utm_medium=Website&utm_content=search&utm_term=Max Watt's Melbourne
Ball Park Music,2025-05-16,Forum Melbourne,/shows/show.aspx?sh=BALLPAR25&v=FRM
Trophy Eyes - Live,2025-05-16,170 Russell,https://www.moshtix.com.au/v2/event/trophy-eyes-live/178716
The Lemonheads - It's A Shame About Come On Feel Tour,2025-05-16,Croxton Bandroom,https://tickets.oztix.com.au/outlet/event/12d77841-4707-411a-ab1b-c8650753b094?utm_source=Oztix&utm_medium=Website&utm_content=search&utm_term=Croxton Bandroom
YÄCHTLEY CRËW (USA) - Australian Tour 2025,2025-05-16,Northcote Theatre,https://www.moshtix.com.au/v2/event/yachtley-crew-usa-australian-tour-2025/174945
Skyscraper Stan and the Commission Flats - Those Were Days Album Launch Tour,2025-05-16,The Night Cat,https://www.moshtix.com.au/v2/event/skyscraper-stan-and-the-commission-flats-those-were-days-album-launch-tour/178013
The Southern River Band,2025-05-16,Max Watt's Melbourne,https://tickets.oztix.com.au/outlet/event/f037900a-84ca-4664-a58a-f4d55cc612f5?utm_source=Oztix&utm_medium=Website&utm_content=search&utm_term=Max Watt's Melbourne
The Lemonheads - It's A Shame About Come On Feel Tour,2025-05-17,Croxton Bandroom,https://tickets.oztix.com.au/outlet/event/5b7250b2-9592-4c81-a816-635829cdd623?utm_source=Oztix&utm_medium=Website&utm_content=search&utm_term=Croxton Bandroom
DAN McCABE (IRL) - Back To Life Australian Tour,2025-05-17,Northcote Theatre,https://www.moshtix.com.au/v2/event/dan-mccabe-irl-back-to-life-australian-tour/174952
The Regnans,2025-05-17,The Toff in Town,https://www.moshtix.com.au/v2/event/the-regnans/178570
JOSH SETTERFIELD RISE & FALL TOUR - MELB,2025-05-17,Kindred Bandroom,https://www.moshtix.com.au/v2/event/josh-setterfield-rise-fall-tour-melb/178616
Holy Holy - A Grand Hiatus - 2025 Australian Tour,2025-05-17,Forum Melbourne,/shows/show.aspx?sh=HOLY25&v=FRM
BINGO LOCO,2025-05-17,170 Russell,https://www.moshtix.com.au/v2/event/bingo-loco/178159
KASTA,2025-05-18,Max Watt's Melbourne,https://tickets.oztix.com.au/outlet/event/f57b64e3-9e54-40a6-ad39-abf636d29af7?utm_source=Oztix&utm_medium=Website&utm_content=search&utm_term=Max Watt's Melbourne
PALE JAY,2025-05-21,Northcote Theatre,https://www.moshtix.com.au/v2/event/pale-jay/178426
Fame On Fire Australian Tour,2025-05-22,170 Russell,https://www.moshtix.com.au/v2/event/fame-on-fire-australian-tour/175433
Chelsea Wolfe,2025-05-23,Forum Melbourne,/shows/show.aspx?sh=CWOLFE25&v=FRM
Roachford (UK) Then and Now Greatest Hits Tour 2025,2025-05-23,170 Russell,https://www.moshtix.com.au/v2/event/roachford-uk-then-and-now-greatest-hits-tour-2025/171711
Burning Witches,2025-05-23,Croxton Bandroom,https://tickets.oztix.com.au/outlet/event/b6b11d76-3bda-484a-8b33-93ac84cc4e06?utm_source=Oztix&utm_medium=Website&utm_content=search&utm_term=Croxton Bandroom
Floodlights 'Underneath Tour',2025-05-24,Forum Melbourne,/shows/show.aspx?sh=FLOODLI25&v=FRM
D-A-D (Denmark) - Greatest Hits Tour,2025-05-24,Northcote Theatre,https://www.moshtix.com.au/v2/event/d-a-d-denmark-greatest-hits-tour/174693
Tommy Emmanuel,2025-05-26,Hamer Hall,/shows/show.aspx?sh=TOMMYEMM25&v=VHH
Ichiko Aoba,2025-05-27,Forum Melbourne,/shows/show.aspx?sh=ICHIKO25&v=FRM
BRADLEY SIMPSON - The Panic Years,2025-05-27,Northcote Theatre,https://www.moshtix.com.au/v2/event/bradley-simpson-the-panic-years/173949
RAVYN LENAE - Live on Tour in Australia,2025-05-28,Northcote Theatre,https://www.moshtix.com.au/v2/event/ravyn-lenae-live-on-tour-in-australia/178551
"Platonic Love Jam with The Drones, Paul Kelly and Dan Kelly, The Nation Blue and Mod Con",2025-05-28,Croxton Bandroom,https://tickets.oztix.com.au/outlet/event/234575e4-d765-4acc-8166-a5fc1a1093c8?utm_source=Oztix&utm_medium=Website&utm_content=search&utm_term=Croxton Bandroom
Ezra Collective,2025-05-29,Forum Melbourne,/shows/show.aspx?sh=EZRACOL25&v=FRM
"Platonic Love Jam with The Drones, Don Walker, The Nation Blue and Mod Con",2025-05-29,Croxton Bandroom,https://tickets.oztix.com.au/outlet/event/c25be4be-a7ff-4d98-a06e-45f68c112cf5?utm_source=Oztix&utm_medium=Website&utm_content=search&utm_term=Croxton Bandroom
A NIGHT WITH LYSSA // MAY 30TH 2025,2025-05-30,Kindred Bandroom,https://www.moshtix.com.au/v2/event/a-night-with-lyssa-may-30th-2025/178596
Forward Ever #21,2025-05-31,Croxton Bandroom,https://tickets.oztix.com.au/outlet/event/4387a245-ec18-4969-9579-0771e5dc9018?utm_source=Oztix&utm_medium=Website&utm_content=search&utm_term=Croxton Bandroom
ZOOBOMBS WITH ROCKET SCIENCE,2025-06-01,Kindred Bandroom,https://www.moshtix.com.au/v2/event/zoobombs-with-rocket-science/177853
Bilmuri,2025-06-01,Forum Melbourne,/shows/show.aspx?sh=BILMUR25&v=FRM
Mount Kimbie,2025-06-05,Forum Melbourne,/shows/show.aspx?sh=MOUNTK25&v=FRM
Supergrass,2025-06-07,Forum Melbourne,/shows/show.aspx?sh=SUPERGRA25&v=FRM
Inhaler,2025-06-10,Forum Melbourne,/shows/show.aspx?sh=INHALER25&v=FRM
Daniel Seavey,2025-06-12,Forum Melbourne,/shows/show.aspx?sh=SEAVEY25&v=FRM
Soccer Mommy,2025-06-13,Forum Melbourne,/shows/show.aspx?sh=SOCCERM25&v=FRM
Short Stack,2025-06-14,Forum Melbourne,/shows/show.aspx?sh=SHORTSTA25&v=FRM
MonoNeon 'I WANT SNACKS & GIFTS' Tour 2025,2025-06-14,Croxton Bandroom,https://tickets.oztix.com.au/outlet/event/ac610c08-923c-409e-81c6-72660f4cc267?utm_source=Oztix&utm_medium=Website&utm_content=search&utm_term=Croxton Bandroom
Foil Arms & Hog,2025-06-16,Hamer Hall,/shows/show.aspx?sh=FOILARMH25&v=VHH
Parents Battle of the Bands: Northside 1,2025-06-19,Croxton Bandroom,https://tickets.oztix.com.au/outlet/event/062782b8-3e24-427c-ba92-0c769d689263?utm_source=Oztix&utm_medium=Website&utm_content=search&utm_term=Croxton Bandroom
Skegss - Top Heavy Aus Tour,2025-06-20,Forum Melbourne,/shows/show.aspx?sh=SKEGGS25&v=FRM
Kisschasy,2025-06-21,Forum Melbourne,/shows/show.aspx?sh=KISSCHAS25&v=FRM
Triple Charm Live - World Tour 2025,2025-06-21,The Toff in Town,https://www.moshtix.com.au/v2/event/triple-charm-live-world-tour-2025/172507
Parents Battle of the Bands: Northside 2,2025-06-26,Croxton Bandroom,https://tickets.oztix.com.au/outlet/event/67597455-a6b0-483e-964a-f56e30d8f942?utm_source=Oztix&utm_medium=Website&utm_content=search&utm_term=Croxton Bandroom
Bliss n Eso | Party on the Moon Tour,2025-06-28,Forum Melbourne,/shows/show.aspx?sh=BLISSNE25&v=FRM
Faye Webster,2025-07-12,Forum Melbourne,/shows/show.aspx?sh=FAYEWEB25&v=FRM
Samay Raina,2025-07-18,Hamer Hall,/shows/show.aspx?sh=SAMAYR25&v=VHH
360,2025-07-18,Forum Melbourne,/shows/show.aspx?sh=THREESIX25&v=FRM
Dick & Angel’s Forever Home,2025-07-20,Hamer Hall,/shows/show.aspx?sh=DICKANGE25&v=VHH
Bear McCreary: Themes & Variations Tour 2025,2025-07-23,Forum Melbourne,/shows/show.aspx?sh=BEARMC25&v=FRM
YACHT ROCK REVIVAL AT THE NIGHT CAT,2025-07-26,The Night Cat,https://www.moshtix.com.au/v2/event/yacht-rock-revival-at-the-night-cat/178843
